{"BasicInfo": {"PLAYER_ID": 201582, "PLAYER_NAME": "Alexis Ajinca", "TEAM_ID": 1610612740, "TEAM_ABBREVIATION": "NOP", "AGE": 29.0, "GP": 39, "W": 15, "L": 24, "W_PCT": 0.385}, "Totals": {"MIN": 584.25, "FGM": 89, "FGA": 178, "FG_PCT": 0.5, "FG3M": 0, "FG3A": 4, "FG3_PCT": 0.0, "FTM": 29, "FTA": 40, "FT_PCT": 0.725, "OREB": 46, "DREB": 131, "REB": 177, "AST": 12, "TOV": 31, "STL": 20, "BLK": 22, "BLKA": 13, "PF": 77, "PFD": 45, "PTS": 207, "PLUS_MINUS": -60, "DD2": 1, "TD3": 0}, "PerGame": {"MIN": 15.0, "FGM": 2.3, "FGA": 4.6, "FG_PCT": 0.5, "FG3M": 0.0, "FG3A": 0.1, "FG3_PCT": 0.0, "FTM": 0.7, "FTA": 1.0, "FT_PCT": 0.725, "OREB": 1.2, "DREB": 3.4, "REB": 4.5, "AST": 0.3, "TOV": 0.8, "STL": 0.5, "BLK": 0.6, "BLKA": 0.3, "PF": 2.0, "PFD": 1.2, "PTS": 5.3, "PLUS_MINUS": -1.5, "DD2": 1, "TD3": 0}, "Per100Possessions": {"MIN": 47.8, "FGM": 7.3, "FGA": 14.6, "FG_PCT": 0.5, "FG3M": 0.0, "FG3A": 0.3, "FG3_PCT": 0.0, "FTM": 2.4, "FTA": 3.3, "FT_PCT": 0.725, "OREB": 3.8, "DREB": 10.7, "REB": 14.5, "AST": 1.0, "TOV": 2.5, "STL": 1.6, "BLK": 1.8, "BLKA": 1.1, "PF": 6.3, "PFD": 3.7, "PTS": 16.9, "PLUS_MINUS": -4.9, "DD2": 1, "TD3": 0}, "Per36": {"MIN": 584.25, "FGM": 5.5, "FGA": 11.0, "FG_PCT": 0.5, "FG3M": 0.0, "FG3A": 0.2, "FG3_PCT": 0.0, "FTM": 1.8, "FTA": 2.5, "FT_PCT": 0.725, "OREB": 2.8, "DREB": 8.1, "REB": 10.9, "AST": 0.7, "TOV": 1.9, "STL": 1.2, "BLK": 1.4, "BLKA": 0.8, "PF": 4.7, "PFD": 2.8, "PTS": 12.8, "PLUS_MINUS": -3.7, "DD2": 1, "TD3": 0}, "Transition": {"Poss": 16, "Time": 7.0175399780273, "PPP": 0.8125, "Points": 13, "FGM": 4, "FGA": 10, "WorsePPP": 42, "BetterPPP": 384, "PossG": 0.41025641025641, "PPG": 0.33333333333333, "FGAG": 0.25641025641026, "FGMG": 0.1025641025641, "FGmG": 0.15384615384615, "FGm": 6, "FG": 40, "aFG": 40, "FT": 18.75, "TO": 18.75, "SF": 18.75, "PlusOne": 0, "Score": 43.75}, "Isolation": {"Poss": 4, "Time": 1.754390001297, "PPP": 1.25, "Points": 5, "FGM": 2, "FGA": 3, "WorsePPP": 0, "BetterPPP": 0, "PossG": 0.1025641025641, "PPG": 0.12820512820513, "FGAG": 0.076923076923077, "FGMG": 0.051282051282051, "FGmG": 0.025641025641026, "FGm": 1, "FG": 66.666666666667, "aFG": 66.666666666667, "FT": 25, "TO": 25, "SF": 25, "PlusOne": 25, "Score": 50}, "PRRollman": {"Poss": 58, "Time": 25.438600540161, "PPP": 1.0689699649811, "Points": 62, "FGM": 29, "FGA": 54, "WorsePPP": 130, "BetterPPP": 88, "PossG": 1.4871794871795, "PPG": 1.5897435897436, "FGAG": 1.3846153846154, "FGMG": 0.74358974358974, "FGmG": 0.64102564102564, "FGm": 25, "FG": 53.703703703704, "aFG": 53.703703703704, "FT": 8.6206896551724, "TO": 3.448275862069, "SF": 8.6206896551724, "PlusOne": 5.1724137931034, "Score": 53.448275862069}, "Postup": {"Poss": 12, "Time": 5.2631602287292, "PPP": 0.41666701436043, "Points": 5, "FGM": 2, "FGA": 9, "WorsePPP": 3, "BetterPPP": 187, "PossG": 0.30769230769231, "PPG": 0.12820512820513, "FGAG": 0.23076923076923, "FGMG": 0.051282051282051, "FGmG": 0.17948717948718, "FGm": 7, "FG": 22.222222222222, "aFG": 22.222222222222, "FT": 8.3333333333333, "TO": 25, "SF": 8.3333333333333, "PlusOne": 8.3333333333333, "Score": 16.666666666667}, "Spotup": {"Poss": 25, "Time": 10.964900016785, "PPP": 0.80000001192093, "Points": 20, "FGM": 9, "FGA": 24, "WorsePPP": 84, "BetterPPP": 351, "PossG": 0.64102564102564, "PPG": 0.51282051282051, "FGAG": 0.61538461538462, "FGMG": 0.23076923076923, "FGmG": 0.38461538461538, "FGm": 15, "FG": 37.5, "aFG": 37.5, "FT": 4, "TO": 0, "SF": 4, "PlusOne": 0, "Score": 40}, "Handoff": {"Poss": 1, "Time": 0.43859601020813, "PPP": 0, "Points": 0, "FGM": 0, "FGA": 1, "WorsePPP": 0, "BetterPPP": 0, "PossG": 0.025641025641026, "PPG": 0, "FGAG": 0.025641025641026, "FGMG": 0, "FGmG": 0.025641025641026, "FGm": 1, "FG": 0, "aFG": 0, "FT": 0, "TO": 0, "SF": 0, "PlusOne": 0, "Score": 0}, "Cut": {"Poss": 66, "Time": 28.947399139404, "PPP": 1.1666699647903, "Points": 77, "FGM": 32, "FGA": 56, "WorsePPP": 130, "BetterPPP": 215, "PossG": 1.6923076923077, "PPG": 1.974358974359, "FGAG": 1.4358974358974, "FGMG": 0.82051282051282, "FGmG": 0.61538461538462, "FGm": 24, "FG": 57.142857142857, "aFG": 57.142857142857, "FT": 15.151515151515, "TO": 3.030303030303, "SF": 15.151515151515, "PlusOne": 3.030303030303, "Score": 60.606060606061}, "OffScreen": {"Poss": 1, "Time": 0.43859601020813, "PPP": 0, "Points": 0, "FGM": 0, "FGA": 1, "WorsePPP": 0, "BetterPPP": 0, "PossG": 0.025641025641026, "PPG": 0, "FGAG": 0.025641025641026, "FGMG": 0, "FGmG": 0.025641025641026, "FGm": 1, "FG": 0, "aFG": 0, "FT": 0, "TO": 0, "SF": 0, "PlusOne": 0, "Score": 0}, "OffRebound": {"Poss": 23, "Time": 10.087699890137, "PPP": 1, "Points": 23, "FGM": 10, "FGA": 19, "WorsePPP": 99, "BetterPPP": 174, "PossG": 0.58974358974359, "PPG": 0.58974358974359, "FGAG": 0.48717948717949, "FGMG": 0.25641025641026, "FGmG": 0.23076923076923, "FGm": 9, "FG": 52.631578947368, "aFG": 52.631578947368, "FT": 8.695652173913, "TO": 8.695652173913, "SF": 8.695652173913, "PlusOne": 0, "Score": 52.173913043478}, "Misc": {"Poss": 22, "Time": 9.6491203308105, "PPP": 0.13636399805546, "Points": 3, "FGM": 1, "FGA": 2, "WorsePPP": 9, "BetterPPP": 362, "PossG": 0.56410256410256, "PPG": 0.076923076923077, "FGAG": 0.051282051282051, "FGMG": 0.025641025641026, "FGmG": 0.025641025641026, "FGm": 1, "FG": 50, "aFG": 50, "FT": 9.0909090909091, "TO": 81.818181818182, "SF": 0, "PlusOne": 0, "Score": 9.0909090909091}, "Shooting": {"GROUP_SET": "Shot Distance (5ft)", "GROUP_VALUE": "Less Than 5 ft.", "FGM": 49, "FGA": 77, "FG_PCT": 0.636, "FG3M": 0, "FG3A": 0, "FG3_PCT": 0.0, "EFG_PCT": 0.636, "BLKA": 10, "PCT_AST_2PM": 0.755, "PCT_UAST_2PM": 0.245, "PCT_AST_3PM": 0.0, "PCT_UAST_3PM": 0.0, "PCT_AST_FGM": 0.755, "PCT_UAST_FGM": 0.245, "TS_PCT": 0.5291411042944786, "3PAr": 0.02247191011235955, "FTr": 0.2247191011235955, "2PT_PCT": 0.5114942528735632}, "Advanced": {"mp": "584", "per": "12.9", "ts_pct": ".529", "fg3a_per_fga_pct": ".022", "fta_per_fga_pct": ".225", "orb_pct": "8.3", "drb_pct": "23.8", "trb_pct": "16.0", "ast_pct": "3.1", "stl_pct": "1.7", "blk_pct": "3.1", "tov_pct": "13.7", "usg_pct": "17.2", "ows": "0.0", "dws": "0.9", "ws": "1.0", "ws_per_48": ".080", "obpm": "-5.1", "dbpm": "1.0", "bpm": "-4.1", "vorp": "-0.3"}}