{"Totals": {"PLAYER_ID": 203518, "PLAYER_NAME": "Alex Abrines", "TEAM_ID": 1610612760, "TEAM_ABBREVIATION": "OKC", "AGE": 23.0, "GP": 68, "W": 37, "L": 31, "W_PCT": 0.544, "MIN": 1055.1283333333333, "FGM": 134, "FGA": 341, "FG_PCT": 0.393, "FG3M": 94, "FG3A": 247, "FG3_PCT": 0.381, "FTM": 44, "FTA": 49, "FT_PCT": 0.898, "OREB": 18, "DREB": 68, "REB": 86, "AST": 40, "TOV": 33, "STL": 37, "BLK": 8, "BLKA": 8, "PF": 114, "PFD": 51, "PTS": 406, "PLUS_MINUS": 1, "DD2": 0, "TD3": 0, "CFID": 5, "CFPARAMS": "203518,1610612760"},
  "PerGame": {"PLAYER_ID": 203518, "PLAYER_NAME": "Alex Abrines", "TEAM_ID": 1610612760, "TEAM_ABBREVIATION": "OKC", "AGE": 23.0, "GP": 68, "W": 37, "L": 31, "W_PCT": 0.544, "MIN": 15.5, "FGM": 2.0, "FGA": 5.0, "FG_PCT": 0.393, "FG3M": 1.4, "FG3A": 3.6, "FG3_PCT": 0.381, "FTM": 0.6, "FTA": 0.7, "FT_PCT": 0.898, "OREB": 0.3, "DREB": 1.0, "REB": 1.3, "AST": 0.6, "TOV": 0.5, "STL": 0.5, "BLK": 0.1, "BLKA": 0.1, "PF": 1.7, "PFD": 0.8, "PTS": 6.0, "PLUS_MINUS": 0.0, "DD2": 0, "TD3": 0, "CFID": 5, "CFPARAMS": "203518,1610612760"},
  "Per100Possessions": {"PLAYER_ID": 203518, "PLAYER_NAME": "Alex Abrines", "TEAM_ID": 1610612760, "TEAM_ABBREVIATION": "OKC", "AGE": 23.0, "GP": 68, "W": 37, "L": 31, "W_PCT": 0.544, "MIN": 47.0, "FGM": 6.0, "FGA": 15.2, "FG_PCT": 0.393, "FG3M": 4.2, "FG3A": 11.0, "FG3_PCT": 0.381, "FTM": 2.0, "FTA": 2.2, "FT_PCT": 0.898, "OREB": 0.8, "DREB": 3.0, "REB": 3.8, "AST": 1.8, "TOV": 1.5, "STL": 1.6, "BLK": 0.4, "BLKA": 0.4, "PF": 5.1, "PFD": 2.3, "PTS": 18.1, "PLUS_MINUS": 0.0, "DD2": 0, "TD3": 0, "CFID": 5, "CFPARAMS": "203518,1610612760"},
  "Per36": {"PLAYER_ID": 203518, "PLAYER_NAME": "Alex Abrines", "TEAM_ID": 1610612760, "TEAM_ABBREVIATION": "OKC", "AGE": 23.0, "GP": 68, "W": 37, "L": 31, "W_PCT": 0.544, "MIN": 1055.1283333333333, "FGM": 4.6, "FGA": 11.6, "FG_PCT": 0.393, "FG3M": 3.2, "FG3A": 8.4, "FG3_PCT": 0.381, "FTM": 1.5, "FTA": 1.7, "FT_PCT": 0.898, "OREB": 0.6, "DREB": 2.3, "REB": 2.9, "AST": 1.4, "TOV": 1.1, "STL": 1.3, "BLK": 0.3, "BLKA": 0.3, "PF": 3.9, "PFD": 1.7, "PTS": 13.9, "PLUS_MINUS": 0.0, "DD2": 0, "TD3": 0, "CFID": 5, "CFPARAMS": "203518,1610612760"},
  "Transition": {"PLAYER_ID": 203518, "PLAYER_NAME": "Alex Abrines", "TEAM_ID": 1610612760, "TEAM_ABBREVIATION": "OKC", "GP": 68, "Poss": 65, "Time": 16.497499465942, "PPP": 1.3846199512482, "Points": 90, "FGM": 29, "FGA": 56, "WorsePPP": 393, "BetterPPP": 33, "PossG": 0.95588235294118, "PPG": 1.3235294117647, "FGAG": 0.82352941176471, "FGMG": 0.42647058823529, "FGmG": 0.39705882352941, "FGm": 27, "FG": 51.785714285714, "aFG": 68.75, "FT": 12.307692307692, "TO": 4.6153846153846, "SF": 12.307692307692, "PlusOne": 3.0769230769231, "Score": 53.846153846154},
  "Isolation": {"PLAYER_ID": 203518, "PLAYER_NAME": "Alex Abrines", "TEAM_ID": 1610612760, "TEAM_ABBREVIATION": "OKC", "GP": 68, "Poss": 8, "Time": 2.0304598808289, "PPP": 0.625, "Points": 5, "FGM": 1, "FGA": 6, "WorsePPP": 0, "BetterPPP": 0, "PossG": 0.11764705882353, "PPG": 0.073529411764706, "FGAG": 0.088235294117647, "FGMG": 0.014705882352941, "FGmG": 0.073529411764706, "FGm": 5, "FG": 16.666666666667, "aFG": 25, "FT": 12.5, "TO": 12.5, "SF": 12.5, "PlusOne": 0, "Score": 25},
  "PRBallHandler": {"PLAYER_ID": 203518, "PLAYER_NAME": "Alex Abrines", "TEAM_ID": 1610612760, "TEAM_ABBREVIATION": "OKC", "GP": 68, "Poss": 25, "Time": 6.3451800346375, "PPP": 0.72000002861023, "Points": 18, "FGM": 8, "FGA": 19, "WorsePPP": 88, "BetterPPP": 199, "PossG": 0.36764705882353, "PPG": 0.26470588235294, "FGAG": 0.27941176470588, "FGMG": 0.11764705882353, "FGmG": 0.16176470588235, "FGm": 11, "FG": 42.105263157895, "aFG": 44.736842105263, "FT": 4, "TO": 20, "SF": 0, "PlusOne": 0, "Score": 36},
  "PRRollman": {"PLAYER_ID": 203518, "PLAYER_NAME": "Alex Abrines", "TEAM_ID": 1610612760, "TEAM_ABBREVIATION": "OKC", "GP": 68, "Poss": 9, "Time": 2.2842600345612, "PPP": 1.6666699647903, "Points": 15, "FGM": 5, "FGA": 9, "WorsePPP": 0, "BetterPPP": 0, "PossG": 0.13235294117647, "PPG": 0.22058823529412, "FGAG": 0.13235294117647, "FGMG": 0.073529411764706, "FGmG": 0.058823529411765, "FGm": 4, "FG": 55.555555555556, "aFG": 83.333333333333, "FT": 0, "TO": 0, "SF": 0, "PlusOne": 0, "Score": 55.555555555556},
  "Spotup": {"PLAYER_ID": 203518, "PLAYER_NAME": "Alex Abrines", "TEAM_ID": 1610612760, "TEAM_ABBREVIATION": "OKC", "GP": 68, "Poss": 173, "Time": 43.908599853516, "PPP": 1.1387300491333, "Points": 197, "FGM": 66, "FGA": 168, "WorsePPP": 362, "BetterPPP": 74, "PossG": 2.5441176470588, "PPG": 2.8970588235294, "FGAG": 2.4705882352941, "FGMG": 0.97058823529412, "FGmG": 1.5, "FGm": 102, "FG": 39.285714285714, "aFG": 56.25, "FT": 2.3121387283237, "TO": 0.57803468208092, "SF": 1.7341040462428, "PlusOne": 0, "Score": 40.462427745665},
  "Handoff": {"PLAYER_ID": 203518, "PLAYER_NAME": "Alex Abrines", "TEAM_ID": 1610612760, "TEAM_ABBREVIATION": "OKC", "GP": 68, "Poss": 26, "Time": 6.5989799499512, "PPP": 0.46153798699379, "Points": 12, "FGM": 5, "FGA": 21, "WorsePPP": 10, "BetterPPP": 229, "PossG": 0.38235294117647, "PPG": 0.17647058823529, "FGAG": 0.30882352941176, "FGMG": 0.073529411764706, "FGmG": 0.23529411764706, "FGm": 16, "FG": 23.809523809524, "aFG": 26.190476190476, "FT": 3.8461538461538, "TO": 19.230769230769, "SF": 3.8461538461538, "PlusOne": 3.8461538461538, "Score": 19.230769230769},
  "Cut": {"PLAYER_ID": 203518, "PLAYER_NAME": "Alex Abrines", "TEAM_ID": 1610612760, "TEAM_ABBREVIATION": "OKC", "GP": 68, "Poss": 4, "Time": 1.0152299404144, "PPP": 1.5, "Points": 6, "FGM": 3, "FGA": 4, "WorsePPP": 0, "BetterPPP": 0, "PossG": 0.058823529411765, "PPG": 0.088235294117647, "FGAG": 0.058823529411765, "FGMG": 0.044117647058824, "FGmG": 0.014705882352941, "FGm": 1, "FG": 75, "aFG": 75, "FT": 25, "TO": 0, "SF": 25, "PlusOne": 25, "Score": 75},
  "OffScreen": {"PLAYER_ID": 203518, "PLAYER_NAME": "Alex Abrines", "TEAM_ID": 1610612760, "TEAM_ABBREVIATION": "OKC", "GP": 68, "Poss": 47, "Time": 11.928899765015, "PPP": 0.78723400831223, "Points": 37, "FGM": 13, "FGA": 41, "WorsePPP": 73, "BetterPPP": 180, "PossG": 0.69117647058824, "PPG": 0.54411764705882, "FGAG": 0.60294117647059, "FGMG": 0.19117647058824, "FGmG": 0.41176470588235, "FGm": 28, "FG": 31.707317073171, "aFG": 40.243902439024, "FT": 4.2553191489362, "TO": 8.5106382978723, "SF": 4.2553191489362, "PlusOne": 0, "Score": 31.914893617021},
  "OffRebound": {"PLAYER_ID": 203518, "PLAYER_NAME": "Alex Abrines", "TEAM_ID": 1610612760, "TEAM_ABBREVIATION": "OKC", "GP": 68, "Poss": 10, "Time": 2.5380699634552, "PPP": 0.5, "Points": 5, "FGM": 2, "FGA": 9, "WorsePPP": 5, "BetterPPP": 284, "PossG": 0.14705882352941, "PPG": 0.073529411764706, "FGAG": 0.13235294117647, "FGMG": 0.029411764705882, "FGmG": 0.10294117647059, "FGm": 7, "FG": 22.222222222222, "aFG": 27.777777777778, "FT": 0, "TO": 10, "SF": 0, "PlusOne": 0, "Score": 20},
  "Misc": {"PLAYER_ID": 203518, "PLAYER_NAME": "Alex Abrines", "TEAM_ID": 1610612760, "TEAM_ABBREVIATION": "OKC", "GP": 68, "Poss": 27, "Time": 6.8527898788452, "PPP": 0.62963002920151, "Points": 17, "FGM": 2, "FGA": 8, "WorsePPP": 266, "BetterPPP": 105, "PossG": 0.39705882352941, "PPG": 0.25, "FGAG": 0.11764705882353, "FGMG": 0.029411764705882, "FGmG": 0.088235294117647, "FGm": 6, "FG": 25, "aFG": 37.5, "FT": 22.222222222222, "TO": 48.148148148148, "SF": 0, "PlusOne": 0, "Score": 29.62962962963},
  "Shooting": {"GROUP_SET": "Shot Distance (5ft)", "GROUP_VALUE": "Less Than 5 ft.", "FGM": 23, "FGA": 47, "FG_PCT": 0.489, "FG3M": 0, "FG3A": 0, "FG3_PCT": 0.0, "EFG_PCT": 0.489, "BLKA": 5, "PCT_AST_2PM": 0.522, "PCT_UAST_2PM": 0.478, "PCT_AST_3PM": 0.0, "PCT_UAST_3PM": 0.0, "PCT_AST_FGM": 0.522, "PCT_UAST_FGM": 0.478, "CFID": 47, "CFPARAMS": "Less Than 5 ft.", "TS_PCT": Decimal("0.55990732568402468150026152216014452278614044189453125"), "3PAr": Decimal("0.7243401759530792016761324703111313283443450927734375"), "FTr": Decimal("0.1436950146627566093915362444022321142256259918212890625"),