{"BasicInfo": {"PLAYER_ID": 201582, "PLAYER_NAME": "Alexis Ajinca", "TEAM_ID": 1610612740, "TEAM_ABBREVIATION": "NOP", "AGE": 29.0, "GP": 39, "W": 15, "L": 24, "W_PCT": 0.385}, "Totals": {"MIN": 584.25, "FGM": 89, "FGA": 178, "FG_PCT": 0.5, "FG3M": 0, "FG3A": 4, "FG3_PCT": 0.0, "FTM": 29, "FTA": 40, "FT_PCT": 0.725, "OREB": 46, "DREB": 131, "REB": 177, "AST": 12, "TOV": 31, "STL": 20, "BLK": 22, "BLKA": 13, "PF": 77, "PFD": 45, "PTS": 207, "PLUS_MINUS": -60, "DD2": 1, "TD3": 0}, "PerGame": {"MIN": 15.0, "FGM": 2.3, "FGA": 4.6, "FG_PCT": 0.5, "FG3M": 0.0, "FG3A": 0.1, "FG3_PCT": 0.0, "FTM": 0.7, "FTA": 1.0, "FT_PCT": 0.725, "OREB": 1.2, "DREB": 3.4, "REB": 4.5, "AST": 0.3, "TOV": 0.8, "STL": 0.5, "BLK": 0.6, "BLKA": 0.3, "PF": 2.0, "PFD": 1.2, "PTS": 5.3, "PLUS_MINUS": -1.5, "DD2": 1, "TD3": 0}, "Per100Possessions": {"MIN": 47.8, "FGM": 7.3, "FGA": 14.6, "FG_PCT": 0.5, "FG3M": 0.0, "FG3A": 0.3, "FG3_PCT": 0.0, "FTM": 2.4, "FTA": 3.3, "FT_PCT": 0.725, "OREB": 3.8, "DREB": 10.7, "REB": 14.5, "AST": 1.0, "TOV": 2.5, "STL": 1.6, "BLK": 1.8, "BLKA": 1.1, "PF": 6.3, "PFD": 3.7, "PTS": 16.9, "PLUS_MINUS": -4.9, "DD2": 1, "TD3": 0}, "Per36": {"MIN": 584.25, "FGM": 5.5, "FGA": 11.0, "FG_PCT": 0.5, "FG3M": 0.0, "FG3A": 0.2, "FG3_PCT": 0.0, "FTM": 1.8, "FTA": 2.5, "FT_PCT": 0.725, "OREB": 2.8, "DREB": 8.1, "REB": 10.9, "AST": 0.7, "TOV": 1.9, "STL": 1.2, "BLK": 1.4, "BLKA": 0.8, "PF": 4.7, "PFD": 2.8, "PTS": 12.8, "PLUS_MINUS": -3.7, "DD2": 1, "TD3": 0}, "Transition": {"Poss": 16, "FREQ": 7.0175399780273, "PPP": 0.8125, "PTS": 13, "FGM": 4, "FGA": 10, "FG%": 40, "EFG%": 40, "FT FREQ": 18.75, "TO FREQ": 18.75, "SF FREQ": 18.75, "AND ONE FREQ": 0, "SCORE FREQ": 43.75, "Percentile": 9.859154929577464}, "Isolation": {"Poss": 4, "FREQ": 1.754390001297, "PPP": 1.25, "PTS": 5, "FGM": 2, "FGA": 3, "FG%": 66.666666666667, "EFG%": 66.666666666667, "FT FREQ": 25, "TO FREQ": 25, "SF FREQ": 25, "AND ONE FREQ": 25, "SCORE FREQ": 50, "Percentile": null}, "PRRollman": {"Poss": 58, "FREQ": 25.438600540161, "PPP": 1.0689699649811, "PTS": 62, "FGM": 29, "FGA": 54, "FG%": 53.703703703704, "EFG%": 53.703703703704, "FT FREQ": 8.6206896551724, "TO FREQ": 3.448275862069, "SF FREQ": 8.6206896551724, "AND ONE FREQ": 5.1724137931034, "SCORE FREQ": 53.448275862069, "Percentile": 59.63302752293578}, "Postup": {"Poss": 12, "FREQ": 5.2631602287292, "PPP": 0.41666701436043, "PTS": 5, "FGM": 2, "FGA": 9, "FG%": 22.222222222222, "EFG%": 22.222222222222, "FT FREQ": 8.3333333333333, "TO FREQ": 25, "SF FREQ": 8.3333333333333, "AND ONE FREQ": 8.3333333333333, "SCORE FREQ": 16.666666666667, "Percentile": 1.5789473684210527}, "Spotup": {"Poss": 25, "FREQ": 10.964900016785, "PPP": 0.80000001192093, "PTS": 20, "FGM": 9, "FGA": 24, "FG%": 37.5, "EFG%": 37.5, "FT FREQ": 4, "TO FREQ": 0, "SF FREQ": 4, "AND ONE FREQ": 0, "SCORE FREQ": 40, "Percentile": 19.310344827586206}, "Handoff": {"Poss": 1, "FREQ": 0.43859601020813, "PPP": 0, "PTS": 0, "FGM": 0, "FGA": 1, "FG%": 0, "EFG%": 0, "FT FREQ": 0, "TO FREQ": 0, "SF FREQ": 0, "AND ONE FREQ": 0, "SCORE FREQ": 0, "Percentile": null}, "Cut": {"Poss": 66, "FREQ": 28.947399139404, "PPP": 1.1666699647903, "PTS": 77, "FGM": 32, "FGA": 56, "FG%": 57.142857142857, "EFG%": 57.142857142857, "FT FREQ": 15.151515151515, "TO FREQ": 3.030303030303, "SF FREQ": 15.151515151515, "AND ONE FREQ": 3.030303030303, "SCORE FREQ": 60.606060606061, "Percentile": 37.68115942028986}, "OffScreen": {"Poss": 1, "FREQ": 0.43859601020813, "PPP": 0, "PTS": 0, "FGM": 0, "FGA": 1, "FG%": 0, "EFG%": 0, "FT FREQ": 0, "TO FREQ": 0, "SF FREQ": 0, "AND ONE FREQ": 0, "SCORE FREQ": 0, "Percentile": null}, "OffRebound": {"Poss": 23, "FREQ": 10.087699890137, "PPP": 1, "PTS": 23, "FGM": 10, "FGA": 19, "FG%": 52.631578947368, "EFG%": 52.631578947368, "FT FREQ": 8.695652173913, "TO FREQ": 8.695652173913, "SF FREQ": 8.695652173913, "AND ONE FREQ": 0, "SCORE FREQ": 52.173913043478, "Percentile": 36.26373626373626}, "Misc": {"Poss": 22, "FREQ": 9.6491203308105, "PPP": 0.13636399805546, "PTS": 3, "FGM": 1, "FGA": 2, "FG%": 50, "EFG%": 50, "FT FREQ": 9.0909090909091, "TO FREQ": 81.818181818182, "SF FREQ": 0, "AND ONE FREQ": 0, "SCORE FREQ": 9.0909090909091, "Percentile": 2.4258760107816713}, "Shooting": {"GROUP_SET": "Shot Distance (5ft)", "GROUP_VALUE": "Less Than 5 ft.", "FGM": 49, "FGA": 77, "FG_PCT": 0.636, "FG3M": 0, "FG3A": 0, "FG3_PCT": 0.0, "EFG_PCT": 0.636, "BLKA": 10, "PCT_AST_2PM": 0.755, "PCT_UAST_2PM": 0.245, "PCT_AST_3PM": 0.0, "PCT_UAST_3PM": 0.0, "PCT_AST_FGM": 0.755, "PCT_UAST_FGM": 0.245, "TS_PCT": 0.5291411042944786, "3PAr": 0.02247191011235955, "FTr": 0.2247191011235955, "2PT_PCT": 0.5114942528735632}, "Advanced": {"mp": "584", "per": "12.9", "ts_pct": ".529", "fg3a_per_fga_pct": ".022", "fta_per_fga_pct": ".225", "orb_pct": "8.3", "drb_pct": "23.8", "trb_pct": "16.0", "ast_pct": "3.1", "stl_pct": "1.7", "blk_pct": "3.1", "tov_pct": "13.7", "usg_pct": "17.2", "ows": "0.0", "dws": "0.9", "ws": "1.0", "ws_per_48": ".080", "obpm": "-5.1", "dbpm": "1.0", "bpm": "-4.1", "vorp": "-0.3"}}