{"BasicInfo": {"PLAYER_ID": 203518, "PLAYER_NAME": "Alex Abrines", "TEAM_ID": 1610612760, "TEAM_ABBREVIATION": "OKC", "AGE": 23.0, "GP": 68, "W": 37, "L": 31, "W_PCT": 0.544}, "Totals": {"MIN": 1055.1283333333333, "FGM": 134, "FGA": 341, "FG_PCT": 0.393, "FG3M": 94, "FG3A": 247, "FG3_PCT": 0.381, "FTM": 44, "FTA": 49, "FT_PCT": 0.898, "OREB": 18, "DREB": 68, "REB": 86, "AST": 40, "TOV": 33, "STL": 37, "BLK": 8, "BLKA": 8, "PF": 114, "PFD": 51, "PTS": 406, "PLUS_MINUS": 1, "DD2": 0, "TD3": 0}, "PerGame": {"MIN": 15.5, "FGM": 2.0, "FGA": 5.0, "FG_PCT": 0.393, "FG3M": 1.4, "FG3A": 3.6, "FG3_PCT": 0.381, "FTM": 0.6, "FTA": 0.7, "FT_PCT": 0.898, "OREB": 0.3, "DREB": 1.0, "REB": 1.3, "AST": 0.6, "TOV": 0.5, "STL": 0.5, "BLK": 0.1, "BLKA": 0.1, "PF": 1.7, "PFD": 0.8, "PTS": 6.0, "PLUS_MINUS": 0.0, "DD2": 0, "TD3": 0}, "Per100Possessions": {"MIN": 47.0, "FGM": 6.0, "FGA": 15.2, "FG_PCT": 0.393, "FG3M": 4.2, "FG3A": 11.0, "FG3_PCT": 0.381, "FTM": 2.0, "FTA": 2.2, "FT_PCT": 0.898, "OREB": 0.8, "DREB": 3.0, "REB": 3.8, "AST": 1.8, "TOV": 1.5, "STL": 1.6, "BLK": 0.4, "BLKA": 0.4, "PF": 5.1, "PFD": 2.3, "PTS": 18.1, "PLUS_MINUS": 0.0, "DD2": 0, "TD3": 0}, "Per36": {"MIN": 1055.1283333333333, "FGM": 4.6, "FGA": 11.6, "FG_PCT": 0.393, "FG3M": 3.2, "FG3A": 8.4, "FG3_PCT": 0.381, "FTM": 1.5, "FTA": 1.7, "FT_PCT": 0.898, "OREB": 0.6, "DREB": 2.3, "REB": 2.9, "AST": 1.4, "TOV": 1.1, "STL": 1.3, "BLK": 0.3, "BLKA": 0.3, "PF": 3.9, "PFD": 1.7, "PTS": 13.9, "PLUS_MINUS": 0.0, "DD2": 0, "TD3": 0}, "Transition": {"Poss": 65, "FREQ": 16.497499465942, "PPP": 1.3846199512482, "PTS": 90, "FGM": 29, "FGA": 56, "FG%": 51.785714285714, "EFG%": 68.75, "FT FREQ": 12.307692307692, "TO FREQ": 4.6153846153846, "SF FREQ": 12.307692307692, "AND ONE FREQ": 3.0769230769231, "SCORE FREQ": 53.846153846154, "Percentile": 92.25352112676056}, "Isolation": {"Poss": 8, "FREQ": 2.0304598808289, "PPP": 0.625, "PTS": 5, "FGM": 1, "FGA": 6, "FG%": 16.666666666667, "EFG%": 25, "FT FREQ": 12.5, "TO FREQ": 12.5, "SF FREQ": 12.5, "AND ONE FREQ": 0, "SCORE FREQ": 25, "Percentile": null}, "PRBallHandler": {"Poss": 25, "FREQ": 6.3451800346375, "PPP": 0.72000002861023, "PTS": 18, "FGM": 8, "FGA": 19, "FG%": 42.105263157895, "EFG%": 44.736842105263, "FT FREQ": 4, "TO FREQ": 20, "SF FREQ": 0, "AND ONE FREQ": 0, "SCORE FREQ": 36, "Percentile": 30.66202090592334}, "PRRollman": {"Poss": 9, "FREQ": 2.2842600345612, "PPP": 1.6666699647903, "PTS": 15, "FGM": 5, "FGA": 9, "FG%": 55.555555555556, "EFG%": 83.333333333333, "FT FREQ": 0, "TO FREQ": 0, "SF FREQ": 0, "AND ONE FREQ": 0, "SCORE FREQ": 55.555555555556, "Percentile": null}, "Spotup": {"Poss": 173, "FREQ": 43.908599853516, "PPP": 1.1387300491333, "PTS": 197, "FGM": 66, "FGA": 168, "FG%": 39.285714285714, "EFG%": 56.25, "FT FREQ": 2.3121387283237, "TO FREQ": 0.57803468208092, "SF FREQ": 1.7341040462428, "AND ONE FREQ": 0, "SCORE FREQ": 40.462427745665, "Percentile": 83.02752293577981}, "Handoff": {"Poss": 26, "FREQ": 6.5989799499512, "PPP": 0.46153798699379, "PTS": 12, "FGM": 5, "FGA": 21, "FG%": 23.809523809524, "EFG%": 26.190476190476, "FT FREQ": 3.8461538461538, "TO FREQ": 19.230769230769, "SF FREQ": 3.8461538461538, "AND ONE FREQ": 3.8461538461538, "SCORE FREQ": 19.230769230769, "Percentile": 4.184100418410042}, "Cut": {"Poss": 4, "FREQ": 1.0152299404144, "PPP": 1.5, "PTS": 6, "FGM": 3, "FGA": 4, "FG%": 75, "EFG%": 75, "FT FREQ": 25, "TO FREQ": 0, "SF FREQ": 25, "AND ONE FREQ": 25, "SCORE FREQ": 75, "Percentile": null}, "OffScreen": {"Poss": 47, "FREQ": 11.928899765015, "PPP": 0.78723400831223, "PTS": 37, "FGM": 13, "FGA": 41, "FG%": 31.707317073171, "EFG%": 40.243902439024, "FT FREQ": 4.2553191489362, "TO FREQ": 8.5106382978723, "SF FREQ": 4.2553191489362, "AND ONE FREQ": 0, "SCORE FREQ": 31.914893617021, "Percentile": 28.85375494071146}, "OffRebound": {"Poss": 10, "FREQ": 2.5380699634552, "PPP": 0.5, "PTS": 5, "FGM": 2, "FGA": 9, "FG%": 22.222222222222, "EFG%": 27.777777777778, "FT FREQ": 0, "TO FREQ": 10, "SF FREQ": 0, "AND ONE FREQ": 0, "SCORE FREQ": 20, "Percentile": 1.7301038062283738}, "Misc": {"Poss": 27, "FREQ": 6.8527898788452, "PPP": 0.62963002920151, "PTS": 17, "FGM": 2, "FGA": 8, "FG%": 25, "EFG%": 37.5, "FT FREQ": 22.222222222222, "TO FREQ": 48.148148148148, "SF FREQ": 0, "AND ONE FREQ": 0, "SCORE FREQ": 29.62962962963, "Percentile": 71.69811320754717}, "Shooting": {"GROUP_SET": "Shot Distance (5ft)", "GROUP_VALUE": "Less Than 5 ft.", "FGM": 23, "FGA": 47, "FG_PCT": 0.489, "FG3M": 0, "FG3A": 0, "FG3_PCT": 0.0, "EFG_PCT": 0.489, "BLKA": 5, "PCT_AST_2PM": 0.522, "PCT_UAST_2PM": 0.478, "PCT_AST_3PM": 0.0, "PCT_UAST_3PM": 0.0, "PCT_AST_FGM": 0.522, "PCT_UAST_FGM": 0.478, "TS_PCT": 0.5599073256840247, "3PAr": 0.7243401759530792, "FTr": 0.1436950146627566, "2PT_PCT": 0.425531914893617}, "Advanced": {"mp": "1055", "per": "10.1", "ts_pct": ".560", "fg3a_per_fga_pct": ".724", "fta_per_fga_pct": ".144", "orb_pct": "1.9", "drb_pct": "7.1", "trb_pct": "4.5", "ast_pct": "5.5", "stl_pct": "1.7", "blk_pct": "0.6", "tov_pct": "8.3", "usg_pct": "15.9", "ows": "1.2", "dws": "0.9", "ws": "2.1", "ws_per_48": ".096", "obpm": "-0.3", "dbpm": "-2.2", "bpm": "-2.5", "vorp": "-0.1"}}