{"BasicInfo": {"PLAYER_ID": 201167, "PLAYER_NAME": "Arron Afflalo", "TEAM_ID": 1610612758, "TEAM_ABBREVIATION": "SAC", "AGE": 31.0, "GP": 61, "W": 23, "L": 38, "W_PCT": 0.377}, "Totals": {"MIN": 1579.815, "FGM": 185, "FGA": 420, "FG_PCT": 0.44, "FG3M": 62, "FG3A": 151, "FG3_PCT": 0.411, "FTM": 83, "FTA": 93, "FT_PCT": 0.892, "OREB": 9, "DREB": 116, "REB": 125, "AST": 78, "TOV": 42, "STL": 21, "BLK": 6, "BLKA": 27, "PF": 104, "PFD": 84, "PTS": 515, "PLUS_MINUS": -247, "DD2": 0, "TD3": 0}, "PerGame": {"MIN": 25.9, "FGM": 3.0, "FGA": 6.9, "FG_PCT": 0.44, "FG3M": 1.0, "FG3A": 2.5, "FG3_PCT": 0.411, "FTM": 1.4, "FTA": 1.5, "FT_PCT": 0.892, "OREB": 0.1, "DREB": 1.9, "REB": 2.0, "AST": 1.3, "TOV": 0.7, "STL": 0.3, "BLK": 0.1, "BLKA": 0.4, "PF": 1.7, "PFD": 1.4, "PTS": 8.4, "PLUS_MINUS": -4.0, "DD2": 0, "TD3": 0}, "Per100Possessions": {"MIN": 49.9, "FGM": 5.8, "FGA": 13.3, "FG_PCT": 0.44, "FG3M": 2.0, "FG3A": 4.8, "FG3_PCT": 0.411, "FTM": 2.6, "FTA": 2.9, "FT_PCT": 0.892, "OREB": 0.3, "DREB": 3.7, "REB": 4.0, "AST": 2.5, "TOV": 1.3, "STL": 0.7, "BLK": 0.2, "BLKA": 0.9, "PF": 3.3, "PFD": 2.7, "PTS": 16.3, "PLUS_MINUS": -7.8, "DD2": 0, "TD3": 0}, "Per36": {"MIN": 1579.815, "FGM": 4.2, "FGA": 9.6, "FG_PCT": 0.44, "FG3M": 1.4, "FG3A": 3.4, "FG3_PCT": 0.411, "FTM": 1.9, "FTA": 2.1, "FT_PCT": 0.892, "OREB": 0.2, "DREB": 2.6, "REB": 2.8, "AST": 1.8, "TOV": 1.0, "STL": 0.5, "BLK": 0.1, "BLKA": 0.6, "PF": 2.4, "PFD": 1.9, "PTS": 11.7, "PLUS_MINUS": -5.6, "DD2": 0, "TD3": 0}, "Transition": {"Poss": 51, "FREQ": 10.199999809265, "PPP": 1.0196100473404, "PTS": 52, "FGM": 20, "FGA": 45, "FG%": 44.444444444444, "EFG%": 50, "FT FREQ": 9.8039215686275, "TO FREQ": 3.921568627451, "SF FREQ": 9.8039215686275, "AND ONE FREQ": 1.9607843137255, "SCORE FREQ": 47.058823529412, "Percentile": 35.44600938967136}, "Isolation": {"Poss": 41, "FREQ": 8.1999998092651, "PPP": 0.8048779964447, "PTS": 33, "FGM": 13, "FGA": 36, "FG%": 36.111111111111, "EFG%": 37.5, "FT FREQ": 7.3170731707317, "TO FREQ": 4.8780487804878, "SF FREQ": 7.3170731707317, "AND ONE FREQ": 0, "SCORE FREQ": 39.024390243902, "Percentile": 46.101694915254235}, "PRBallHandler": {"Poss": 40, "FREQ": 8, "PPP": 0.69999998807907, "PTS": 28, "FGM": 12, "FGA": 33, "FG%": 36.363636363636, "EFG%": 39.393939393939, "FT FREQ": 2.5, "TO FREQ": 15, "SF FREQ": 2.5, "AND ONE FREQ": 0, "SCORE FREQ": 32.5, "Percentile": 29.268292682926827}, "PRRollman": {"Poss": 1, "FREQ": 0.20000000298023, "PPP": 2, "PTS": 2, "FGM": 1, "FGA": 1, "FG%": 100, "EFG%": 100, "FT FREQ": 0, "TO FREQ": 0, "SF FREQ": 0, "AND ONE FREQ": 0, "SCORE FREQ": 100, "Percentile": null}, "Postup": {"Poss": 58, "FREQ": 11.60000038147, "PPP": 1.2069000005722, "PTS": 70, "FGM": 28, "FGA": 45, "FG%": 62.222222222222, "EFG%": 62.222222222222, "FT FREQ": 13.793103448276, "TO FREQ": 12.068965517241, "SF FREQ": 12.068965517241, "AND ONE FREQ": 3.448275862069, "SCORE FREQ": 58.620689655172, "Percentile": 98.94736842105263}, "Spotup": {"Poss": 163, "FREQ": 32.599998474121, "PPP": 1.1533700227737, "PTS": 188, "FGM": 63, "FGA": 152, "FG%": 41.447368421053, "EFG%": 57.565789473684, "FT FREQ": 4.9079754601227, "TO FREQ": 3.0674846625767, "SF FREQ": 4.9079754601227, "AND ONE FREQ": 1.2269938650307, "SCORE FREQ": 42.331288343558, "Percentile": 86.46788990825688}, "Handoff": {"Poss": 26, "FREQ": 5.1999998092651, "PPP": 0.88461500406265, "PTS": 23, "FGM": 10, "FGA": 25, "FG%": 40, "EFG%": 42, "FT FREQ": 3.8461538461538, "TO FREQ": 0, "SF FREQ": 3.8461538461538, "AND ONE FREQ": 0, "SCORE FREQ": 42.307692307692, "Percentile": 45.0}, "Cut": {"Poss": 22, "FREQ": 4.4000000953674, "PPP": 1.1363600492477, "PTS": 25, "FGM": 10, "FGA": 16, "FG%": 62.5, "EFG%": 62.5, "FT FREQ": 18.181818181818, "TO FREQ": 9.0909090909091, "SF FREQ": 18.181818181818, "AND ONE FREQ": 0, "SCORE FREQ": 63.636363636364, "Percentile": 31.71428571428571}, "OffScreen": {"Poss": 66, "FREQ": 13.199999809265, "PPP": 0.87878799438477, "PTS": 58, "FGM": 24, "FGA": 55, "FG%": 43.636363636364, "EFG%": 47.272727272727, "FT FREQ": 6.0606060606061, "TO FREQ": 12.121212121212, "SF FREQ": 6.0606060606061, "AND ONE FREQ": 3.030303030303, "SCORE FREQ": 39.393939393939, "Percentile": 39.52569169960474}, "OffRebound": {"Poss": 5, "FREQ": 1, "PPP": 0.80000001192093, "PTS": 4, "FGM": 2, "FGA": 5, "FG%": 40, "EFG%": 40, "FT FREQ": 0, "TO FREQ": 0, "SF FREQ": 0, "AND ONE FREQ": 0, "SCORE FREQ": 40, "Percentile": null}, "Misc": {"Poss": 27, "FREQ": 5.4000000953674, "PPP": 0.77777802944183, "PTS": 21, "FGM": 2, "FGA": 8, "FG%": 25, "EFG%": 25, "FT FREQ": 33.333333333333, "TO FREQ": 37.037037037037, "SF FREQ": 0, "AND ONE FREQ": 0, "SCORE FREQ": 40.740740740741, "Percentile": 88.34688346883469}, "Shooting": {"GROUP_SET": "Shot Distance (5ft)", "GROUP_VALUE": "Less Than 5 ft.", "FGM": 28, "FGA": 56, "FG_PCT": 0.5, "FG3M": 0, "FG3A": 0, "FG3_PCT": 0.0, "EFG_PCT": 0.5, "BLKA": 12, "PCT_AST_2PM": 0.536, "PCT_UAST_2PM": 0.464, "PCT_AST_3PM": 0.0, "PCT_UAST_3PM": 0.0, "PCT_AST_FGM": 0.536, "PCT_UAST_FGM": 0.464, "TS_PCT": 0.5586652781393734, "3PAr": 0.3595238095238095, "FTr": 0.22142857142857142, "2PT_PCT": 0.45724907063197023}, "Advanced": {"mp": "1580", "per": "8.9", "ts_pct": ".559", "fg3a_per_fga_pct": ".360", "fta_per_fga_pct": ".221", "orb_pct": "0.7", "drb_pct": "8.4", "trb_pct": "4.6", "ast_pct": "7.4", "stl_pct": "0.7", "blk_pct": "0.3", "tov_pct": "8.4", "usg_pct": "14.4", "ows": "1.2", "dws": "0.2", "ws": "1.4", "ws_per_48": ".043", "obpm": "-1.4", "dbpm": "-2.1", "bpm": "-3.5", "vorp": "-0.6"}}