{"Totals": {"PLAYER_ID": 201167, "PLAYER_NAME": "Arron Afflalo", "TEAM_ID": 1610612758, "TEAM_ABBREVIATION": "SAC", "AGE": 31.0, "GP": 61, "W": 23, "L": 38, "W_PCT": 0.377, "MIN": 1579.815, "FGM": 185, "FGA": 420, "FG_PCT": 0.44, "FG3M": 62, "FG3A": 151, "FG3_PCT": 0.411, "FTM": 83, "FTA": 93, "FT_PCT": 0.892, "OREB": 9, "DREB": 116, "REB": 125, "AST": 78, "TOV": 42, "STL": 21, "BLK": 6, "BLKA": 27, "PF": 104, "PFD": 84, "PTS": 515, "PLUS_MINUS": -247, "DD2": 0, "TD3": 0, "CFID": 5, "CFPARAMS": "201167,1610612758"}, "PerGame": {"PLAYER_ID": 201167, "PLAYER_NAME": "Arron Afflalo", "TEAM_ID": 1610612758, "TEAM_ABBREVIATION": "SAC", "AGE": 31.0, "GP": 61, "W": 23, "L": 38, "W_PCT": 0.377, "MIN": 25.9, "FGM": 3.0, "FGA": 6.9, "FG_PCT": 0.44, "FG3M": 1.0, "FG3A": 2.5, "FG3_PCT": 0.411, "FTM": 1.4, "FTA": 1.5, "FT_PCT": 0.892, "OREB": 0.1, "DREB": 1.9, "REB": 2.0, "AST": 1.3, "TOV": 0.7, "STL": 0.3, "BLK": 0.1, "BLKA": 0.4, "PF": 1.7, "PFD": 1.4, "PTS": 8.4, "PLUS_MINUS": -4.0, "DD2": 0, "TD3": 0, "CFID": 5, "CFPARAMS": "201167,1610612758"}, "Per100Possessions": {"PLAYER_ID": 201167, "PLAYER_NAME": "Arron Afflalo", "TEAM_ID": 1610612758, "TEAM_ABBREVIATION": "SAC", "AGE": 31.0, "GP": 61, "W": 23, "L": 38, "W_PCT": 0.377, "MIN": 49.9, "FGM": 5.8, "FGA": 13.3, "FG_PCT": 0.44, "FG3M": 2.0, "FG3A": 4.8, "FG3_PCT": 0.411, "FTM": 2.6, "FTA": 2.9, "FT_PCT": 0.892, "OREB": 0.3, "DREB": 3.7, "REB": 4.0, "AST": 2.5, "TOV": 1.3, "STL": 0.7, "BLK": 0.2, "BLKA": 0.9, "PF": 3.3, "PFD": 2.7, "PTS": 16.3, "PLUS_MINUS": -7.8, "DD2": 0, "TD3": 0, "CFID": 5, "CFPARAMS": "201167,1610612758"}, "Per36": {"PLAYER_ID": 201167, "PLAYER_NAME": "Arron Afflalo", "TEAM_ID": 1610612758, "TEAM_ABBREVIATION": "SAC", "AGE": 31.0, "GP": 61, "W": 23, "L": 38, "W_PCT": 0.377, "MIN": 1579.815, "FGM": 4.2, "FGA": 9.6, "FG_PCT": 0.44, "FG3M": 1.4, "FG3A": 3.4, "FG3_PCT": 0.411, "FTM": 1.9, "FTA": 2.1, "FT_PCT": 0.892, "OREB": 0.2, "DREB": 2.6, "REB": 2.8, "AST": 1.8, "TOV": 1.0, "STL": 0.5, "BLK": 0.1, "BLKA": 0.6, "PF": 2.4, "PFD": 1.9, "PTS": 11.7, "PLUS_MINUS": -5.6, "DD2": 0, "TD3": 0, "CFID": 5, "CFPARAMS": "201167,1610612758"}, "Transition": {"PLAYER_ID": 201167, "PLAYER_NAME": "Arron Afflalo", "TEAM_ID": 1610612758, "TEAM_ABBREVIATION": "SAC", "GP": 61, "Poss": 51, "Time": 10.199999809265, "PPP": 1.0196100473404, "Points": 52, "FGM": 20, "FGA": 45, "WorsePPP": 151, "BetterPPP": 275, "PossG": 0.83606557377049, "PPG": 0.85245901639344, "FGAG": 0.73770491803279, "FGMG": 0.32786885245902, "FGmG": 0.40983606557377, "FGm": 25, "FG": 44.444444444444, "aFG": 50, "FT": 9.8039215686275, "TO": 3.921568627451, "SF": 9.8039215686275, "PlusOne": 1.9607843137255, "Score": 47.058823529412}, "Isolation": {"PLAYER_ID": 201167, "PLAYER_NAME": "Arron Afflalo", "TEAM_ID": 1610612758, "TEAM_ABBREVIATION": "SAC", "GP": 61, "Poss": 41, "Time": 8.1999998092651, "PPP": 0.8048779964447, "Points": 33, "FGM": 13, "FGA": 36, "WorsePPP": 136, "BetterPPP": 159, "PossG": 0.67213114754098, "PPG": 0.54098360655738, "FGAG": 0.59016393442623, "FGMG": 0.21311475409836, "FGmG": 0.37704918032787, "FGm": 23, "FG": 36.111111111111, "aFG": 37.5, "FT": 7.3170731707317, "TO": 4.8780487804878, "SF": 7.3170731707317, "PlusOne": 0, "Score": 39.024390243902}, "PRBallHandler": {"PLAYER_ID": 201167, "PLAYER_NAME": "Arron Afflalo", "TEAM_ID": 1610612758, "TEAM_ABBREVIATION": "SAC", "GP": 61, "Poss": 40, "Time": 8, "PPP": 0.69999998807907, "Points": 28, "FGM": 12, "FGA": 33, "WorsePPP": 84, "BetterPPP": 203, "PossG": 0.65573770491803, "PPG": 0.45901639344262, "FGAG": 0.54098360655738, "FGMG": 0.19672131147541, "FGmG": 0.34426229508197, "FGm": 21, "FG": 36.363636363636, "aFG": 39.393939393939, "FT": 2.5, "TO": 15, "SF": 2.5, "PlusOne": 0, "Score": 32.5}, "PRRollman": {"PLAYER_ID": 201167, "PLAYER_NAME": "Arron Afflalo", "TEAM_ID": 1610612758, "TEAM_ABBREVIATION": "SAC", "GP": 61, "Poss": 1, "Time": 0.20000000298023, "PPP": 2, "Points": 2, "FGM": 1, "FGA": 1, "WorsePPP": 0, "BetterPPP": 0, "PossG": 0.016393442622951, "PPG": 0.032786885245902, "FGAG": 0.016393442622951, "FGMG": 0.016393442622951, "FGmG": 0, "FGm": 0, "FG": 100, "aFG": 100, "FT": 0, "TO": 0, "SF": 0, "PlusOne": 0, "Score": 100}, "Postup": {"PLAYER_ID": 201167, "PLAYER_NAME": "Arron Afflalo", "TEAM_ID": 1610612758, "TEAM_ABBREVIATION": "SAC", "GP": 61, "Poss": 58, "Time": 11.60000038147, "PPP": 1.2069000005722, "Points": 70, "FGM": 28, "FGA": 45, "WorsePPP": 188, "BetterPPP": 2, "PossG": 0.95081967213115, "PPG": 1.1475409836066, "FGAG": 0.73770491803279, "FGMG": 0.45901639344262, "FGmG": 0.27868852459016, "FGm": 17, "FG": 62.222222222222, "aFG": 62.222222222222, "FT": 13.793103448276, "TO": 12.068965517241, "SF": 12.068965517241, "PlusOne": 3.448275862069, "Score": 58.620689655172}, "Spotup": {"PLAYER_ID": 201167, "PLAYER_NAME": "Arron Afflalo", "TEAM_ID": 1610612758, "TEAM_ABBREVIATION": "SAC", "GP": 61, "Poss": 163, "Time": 32.599998474121, "PPP": 1.1533700227737, "Points": 188, "FGM": 63, "FGA": 152, "WorsePPP": 377, "BetterPPP": 59, "PossG": 2.672131147541, "PPG": 3.0819672131148, "FGAG": 2.4918032786885, "FGMG": 1.0327868852459, "FGmG": 1.4590163934426, "FGm": 89, "FG": 41.447368421053, "aFG": 57.565789473684, "FT": 4.9079754601227, "TO": 3.0674846625767, "SF": 4.9079754601227, "PlusOne": 1.2269938650307, "Score": 42.331288343558}, "Handoff": {"PLAYER_ID": 201167, "PLAYER_NAME": "Arron Afflalo", "TEAM_ID": 1610612758, "TEAM_ABBREVIATION": "SAC", "GP": 61, "Poss": 26, "Time": 5.1999998092651, "PPP": 0.88461500406265, "Points": 23, "FGM": 10, "FGA": 25, "WorsePPP": 108, "BetterPPP": 132, "PossG": 0.42622950819672, "PPG": 0.37704918032787, "FGAG": 0.40983606557377, "FGMG": 0.16393442622951, "FGmG": 0.24590163934426, "FGm": 15, "FG": 40, "aFG": 42, "FT": 3.8461538461538, "TO": 0, "SF": 3.8461538461538, "PlusOne": 0, "Score": 42.307692307692}, "Cut": {"PLAYER_ID": 201167, "PLAYER_NAME": "Arron Afflalo", "TEAM_ID": 1610612758, "TEAM_ABBREVIATION": "SAC", "GP": 61, "Poss": 22, "Time": 4.4000000953674, "PPP": 1.1363600492477, "Points": 25, "FGM": 10, "FGA": 16, "WorsePPP": 111, "BetterPPP": 239, "PossG": 0.36065573770492, "PPG": 0.40983606557377, "FGAG": 0.26229508196721, "FGMG": 0.16393442622951, "FGmG": 0.098360655737705, "FGm": 6, "FG": 62.5, "aFG": 62.5, "FT": 18.181818181818, "TO": 9.0909090909091, "SF": 18.181818181818, "PlusOne": 0, "Score": 63.636363636364}, "OffScreen": {"PLAYER_ID": 201167, "PLAYER_NAME": "Arron Afflalo", "TEAM_ID": 1610612758, "TEAM_ABBREVIATION": "SAC", "GP": 61, "Poss": 66, "Time": 13.199999809265, "PPP": 0.87878799438477, "Points": 58, "FGM": 24, "FGA": 55, "WorsePPP": 100, "BetterPPP": 153, "PossG": 1.0819672131148, "PPG": 0.95081967213115, "FGAG": 0.9016393442623, "FGMG": 0.39344262295082, "FGmG": 0.50819672131148, "FGm": 31, "FG": 43.636363636364, "aFG": 47.272727272727, "FT": 6.0606060606061, "TO": 12.121212121212, "SF": 6.0606060606061, "PlusOne": 3.030303030303, "Score": 39.393939393939}, "OffRebound": {"PLAYER_ID": 201167, "PLAYER_NAME": "Arron Afflalo", "TEAM_ID": 1610612758, "TEAM_ABBREVIATION": "SAC", "GP": 61, "Poss": 5, "Time": 1, "PPP": 0.80000001192093, "Points": 4, "FGM": 2, "FGA": 5, "WorsePPP": 0, "BetterPPP": 0, "PossG": 0.081967213114754, "PPG": 0.065573770491803, "FGAG": 0.081967213114754, "FGMG": 0.032786885245902, "FGmG": 0.049180327868852, "FGm": 3, "FG": 40, "aFG": 40, "FT": 0, "TO": 0, "SF": 0, "PlusOne": 0, "Score": 40}, "Misc": {"PLAYER_ID": 201167, "PLAYER_NAME": "Arron Afflalo", "TEAM_ID": 1610612758, "TEAM_ABBREVIATION": "SAC", "GP": 61, "Poss": 27, "Time": 5.4000000953674, "PPP": 0.77777802944183, "Points": 21, "FGM": 2, "FGA": 8, "WorsePPP": 326, "BetterPPP": 43, "PossG": 0.44262295081967, "PPG": 0.34426229508197, "FGAG": 0.13114754098361, "FGMG": 0.032786885245902, "FGmG": 0.098360655737705, "FGm": 6, "FG": 25, "aFG": 25, "FT": 33.333333333333, "TO": 37.037037037037, "SF": 0, "PlusOne": 0, "Score": 40.740740740741}, "Shooting": {"GROUP_SET": "Shot Distance (5ft)", "GROUP_VALUE": "Less Than 5 ft.", "FGM": 28,