{"Totals": {"PLAYER_ID": 203112, "PLAYER_NAME": "Quincy Acy", "TEAM_ID": 1610612751, "TEAM_ABBREVIATION": "BKN", "AGE": 26.0, "GP": 38, "W": 11, "L": 27, "W_PCT": 0.289, "MIN": 557.7966666666666, "FGM": 70, "FGA": 170, "FG_PCT": 0.412, "FG3M": 37, "FG3A": 90, "FG3_PCT": 0.411, "FTM": 45, "FTA": 60, "FT_PCT": 0.75, "OREB": 20, "DREB": 95, "REB": 115, "AST": 18, "TOV": 21, "STL": 14, "BLK": 15, "BLKA": 7, "PF": 67, "PFD": 58, "PTS": 222, "PLUS_MINUS": -37, "DD2": 0, "TD3": 0, "CFID": 5, "CFPARAMS": "203112,1610612751"}, "PerGame": {"PLAYER_ID": 203112, "PLAYER_NAME": "Quincy Acy", "TEAM_ID": 1610612751, "TEAM_ABBREVIATION": "BKN", "AGE": 26.0, "GP": 38, "W": 11, "L": 27, "W_PCT": 0.289, "MIN": 14.7, "FGM": 1.8, "FGA": 4.5, "FG_PCT": 0.412, "FG3M": 1.0, "FG3A": 2.4, "FG3_PCT": 0.411, "FTM": 1.2, "FTA": 1.6, "FT_PCT": 0.75, "OREB": 0.5, "DREB": 2.5, "REB": 3.0, "AST": 0.5, "TOV": 0.6, "STL": 0.4, "BLK": 0.4, "BLKA": 0.2, "PF": 1.8, "PFD": 1.5, "PTS": 5.8, "PLUS_MINUS": -1.0, "DD2": 0, "TD3": 0, "CFID": 5, "CFPARAMS": "203112,1610612751"}, "Per100Possessions": {"PLAYER_ID": 203112, "PLAYER_NAME": "Quincy Acy", "TEAM_ID": 1610612751, "TEAM_ABBREVIATION": "BKN", "AGE": 26.0, "GP": 38, "W": 11, "L": 27, "W_PCT": 0.289, "MIN": 47.1, "FGM": 5.9, "FGA": 14.4, "FG_PCT": 0.412, "FG3M": 3.1, "FG3A": 7.6, "FG3_PCT": 0.411, "FTM": 3.8, "FTA": 5.1, "FT_PCT": 0.75, "OREB": 1.7, "DREB": 8.0, "REB": 9.7, "AST": 1.5, "TOV": 1.8, "STL": 1.2, "BLK": 1.3, "BLKA": 0.6, "PF": 5.7, "PFD": 4.9, "PTS": 18.8, "PLUS_MINUS": -3.1, "DD2": 0, "TD3": 0, "CFID": 5, "CFPARAMS": "203112,1610612751"}, "Per36": {"PLAYER_ID": 203112, "PLAYER_NAME": "Quincy Acy", "TEAM_ID": 1610612751, "TEAM_ABBREVIATION": "BKN", "AGE": 26.0, "GP": 38, "W": 11, "L": 27, "W_PCT": 0.289, "MIN": 557.7966666666666, "FGM": 4.5, "FGA": 11.0, "FG_PCT": 0.412, "FG3M": 2.4, "FG3A": 5.8, "FG3_PCT": 0.411, "FTM": 2.9, "FTA": 3.9, "FT_PCT": 0.75, "OREB": 1.3, "DREB": 6.1, "REB": 7.4, "AST": 1.2, "TOV": 1.4, "STL": 0.9, "BLK": 1.0, "BLKA": 0.5, "PF": 4.3, "PFD": 3.7, "PTS": 14.3, "PLUS_MINUS": -2.4, "DD2": 0, "TD3": 0, "CFID": 5, "CFPARAMS": "203112,1610612751"}, "Transition": {"PLAYER_ID": 203112, "PLAYER_NAME": "Quincy Acy", "TEAM_ID": 1610612751, "TEAM_ABBREVIATION": "BKN", "GP": 32, "Poss": 20, "Time": 10.204099655151, "PPP": 0.85000002384186, "Points": 17, "FGM": 6, "FGA": 14, "WorsePPP": 58, "BetterPPP": 368, "PossG": 0.625, "PPG": 0.53125, "FGAG": 0.4375, "FGMG": 0.1875, "FGmG": 0.25, "FGm": 8, "FG": 42.857142857143, "aFG": 42.857142857143, "FT": 20, "TO": 20, "SF": 15, "PlusOne": 10, "Score": 40}, "Isolation": {"PLAYER_ID": 203112, "PLAYER_NAME": "Quincy Acy", "TEAM_ID": 1610612751, "TEAM_ABBREVIATION": "BKN", "GP": 32, "Poss": 1, "Time": 0.51020401716232, "PPP": 0, "Points": 0, "FGM": 0, "FGA": 1, "WorsePPP": 0, "BetterPPP": 0, "PossG": 0.03125, "PPG": 0, "FGAG": 0.03125, "FGMG": 0, "FGmG": 0.03125, "FGm": 1, "FG": 0, "aFG": 0, "FT": 0, "TO": 0, "SF": 0, "PlusOne": 0, "Score": 0}, "PRBallHandler": {"PLAYER_ID": 203112, "PLAYER_NAME": "Quincy Acy", "TEAM_ID": 1610612751, "TEAM_ABBREVIATION": "BKN", "GP": 32, "Poss": 1, "Time": 0.51020401716232, "PPP": 0, "Points": 0, "FGM": 0, "FGA": 1, "WorsePPP": 0, "BetterPPP": 0, "PossG": 0.03125, "PPG": 0, "FGAG": 0.03125, "FGMG": 0, "FGmG": 0.03125, "FGm": 1, "FG": 0, "aFG": 0, "FT": 0, "TO": 0, "SF": 0, "PlusOne": 0, "Score": 0}, "PRRollman": {"PLAYER_ID": 203112, "PLAYER_NAME": "Quincy Acy", "TEAM_ID": 1610612751, "TEAM_ABBREVIATION": "BKN", "GP": 32, "Poss": 55, "Time": 28.061199188232, "PPP": 1.5090899467468, "Points": 83, "FGM": 24, "FGA": 41, "WorsePPP": 215, "BetterPPP": 3, "PossG": 1.71875, "PPG": 2.59375, "FGAG": 1.28125, "FGMG": 0.75, "FGmG": 0.53125, "FGm": 17, "FG": 58.536585365854, "aFG": 79.268292682927, "FT": 20, "TO": 7.2727272727273, "SF": 20, "PlusOne": 1.8181818181818, "Score": 61.818181818182}, "Postup": {"PLAYER_ID": 203112, "PLAYER_NAME": "Quincy Acy", "TEAM_ID": 1610612751, "TEAM_ABBREVIATION": "BKN", "GP": 32, "Poss": 9, "Time": 4.5918397903442, "PPP": 1.1111099720001, "Points": 10, "FGM": 3, "FGA": 7, "WorsePPP": 0, "BetterPPP": 0, "PossG": 0.28125, "PPG": 0.3125, "FGAG": 0.21875, "FGMG": 0.09375, "FGmG": 0.125, "FGm": 4, "FG": 42.857142857143, "aFG": 42.857142857143, "FT": 33.333333333333, "TO": 0, "SF": 33.333333333333, "PlusOne": 11.111111111111, "Score": 55.555555555556}, "Spotup": {"PLAYER_ID": 203112, "PLAYER_NAME": "Quincy Acy", "TEAM_ID": 1610612751, "TEAM_ABBREVIATION": "BKN", "GP": 32, "Poss": 64, "Time": 32.653099060059, "PPP": 0.953125, "Points": 61, "FGM": 21, "FGA": 58, "WorsePPP": 216, "BetterPPP": 220, "PossG": 2, "PPG": 1.90625, "FGAG": 1.8125, "FGMG": 0.65625, "FGmG": 1.15625, "FGm": 37, "FG": 36.206896551724, "aFG": 47.413793103448, "FT": 9.375, "TO": 3.125, "SF": 6.25, "PlusOne": 3.125, "Score": 39.0625}, "Handoff": {"PLAYER_ID": 203112, "PLAYER_NAME": "Quincy Acy", "TEAM_ID": 1610612751, "TEAM_ABBREVIATION": "BKN", "GP": 32, "Poss": 6, "Time": 3.0612199306488, "PPP": 2, "Points": 12, "FGM": 4, "FGA": 6, "WorsePPP": 0, "BetterPPP": 0, "PossG": 0.1875, "PPG": 0.375, "FGAG": 0.1875, "FGMG": 0.125, "FGmG": 0.0625, "FGm": 2, "FG": 66.666666666667, "aFG": 100, "FT": 0, "TO": 0, "SF": 0, "PlusOne": 0, "Score": 66.666666666667}, "Cut": {"PLAYER_ID": 203112, "PLAYER_NAME": "Quincy Acy", "TEAM_ID": 1610612751, "TEAM_ABBREVIATION": "BKN", "GP": 32, "Poss": 9, "Time": 4.5918397903442, "PPP": 1, "Points": 9, "FGM": 4, "FGA": 8, "WorsePPP": 0, "BetterPPP": 0, "PossG": 0.28125, "PPG": 0.28125, "FGAG": 0.25, "FGMG": 0.125, "FGmG": 0.125, "FGm": 4, "FG": 50, "aFG": 50, "FT": 11.111111111111, "TO": 0, "SF": 11.111111111111, "PlusOne": 0, "Score": 55.555555555556}, "OffScreen": {"PLAYER_ID": 203112, "PLAYER_NAME": "Quincy Acy", "TEAM_ID": 1610612751, "TEAM_ABBREVIATION": "BKN", "GP": 32, "Poss": 3, "Time": 1.5306099653244, "PPP": 1, "Points": 3, "FGM": 1, "FGA": 3, "WorsePPP": 0, "BetterPPP": 0, "PossG": 0.09375, "PPG": 0.09375, "FGAG": 0.09375, "FGMG": 0.03125, "FGmG": 0.0625, "FGm": 2, "FG": 33.333333333333, "aFG": 50, "FT": 0, "TO": 0, "SF": 0, "PlusOne": 0, "Score": 33.333333333333}, "OffRebound": {"PLAYER_ID": 203112, "PLAYER_NAME": "Quincy Acy", "TEAM_ID": 1610612751, "TEAM_ABBREVIATION": "BKN", "GP": 32, "Poss": 14, "Time": 7.1428599357605, "PPP": 0.57142901420593, "Points": 8, "FGM": 1, "FGA": 10, "WorsePPP": 10, "BetterPPP": 280, "PossG": 0.4375, "PPG": 0.25, "FGAG": 0.3125, "FGMG": 0.03125, "FGmG": 0.28125, "FGm": 9, "FG": 10, "aFG": 10, "FT": 28.571428571429, "TO": 0, "SF": 28.571428571429, "PlusOne": 0, "Score": 35.714285714286}, "Misc": {"PLAYER_ID": 203112, "PLAYER_NAME": "Quincy Acy", "TEAM_ID": 1610612751, "TEAM_ABBREVIATION": "BKN", "GP": 6, "Poss": 1, "Time": 3.125, "PPP": 0, "Points": 0, "FGM": 0, "FGA": 0, "WorsePPP": 0, "BetterPPP": 0, "PossG": 0.16666666666667, "PPG": 0, "FGAG": 0, "FGMG": 0, "FGmG": 0, "FGm": 0, "FG": 0, "aFG": 0, "FT": 0, "TO": 100, "SF": 0, "PlusOne": 0, "Score": 0}, "Shooting": {"GROUP_SET": "Shot Distance (5ft)", "GROUP_VALUE": "Less Than 5 ft.", "FGM": 25, "FGA": 52, "FG_PCT": 0.481, "FG3M": 0, "FG3A": 0, "FG3_PCT": 0.0, "EFG_PCT": 0.481, "BLKA": 5, "PCT_AST_2PM": 0.8, "PCT_UAST_2PM": 0.2, "PCT_AST_3PM": 0.0, "PCT_UAST_3PM": 0.0, "PCT_AST_FGM": 0.8, "PCT_UAST_FGM": 0.2, "CFID": 47, "CFPARAMS": "Less Than 5 ft.", "TS_PCT": Decimal("0.56517311608961307012322095033596269786357879638671875"), "3PAr": Decimal("0.52941176470588235947190014485386200249195098876953125"), "FTr": Decimal("0.352941176470588258151650506988517008721828460693359375"), "2PT_PCT": Decimal("0.41249999999999997779553950749686919152736663818359375")}, "Advanced": {"age": "26", "team_id": "TOT", "lg_id": "NBA", "pos": "PF", "g": "38", "mp": "558", "per": "11.8", "ts_pct": ".565", "fg3a_per_fga_pct": ".529", "fta_per_fga_pct": ".353", "orb_pct": "3.9", "drb_pct": "18.0", "trb_pct": "11.0", "ast_pct": "4.9", "stl_pct": "1.2", "blk_pct": "2.0", "tov_pct": "9.7", "usg_pct": "16.8", "ows": "0.5", "dws": "0.5", "ws": "0.9",