{"BasicInfo": {"PLAYER_ID": 203112, "PLAYER_NAME": "Quincy Acy", "TEAM_ID": 1610612751, "TEAM_ABBREVIATION": "BKN", "AGE": 26.0, "GP": 38, "W": 11, "L": 27, "W_PCT": 0.289}, "Totals": {"MIN": 557.7966666666666, "FGM": 70, "FGA": 170, "FG_PCT": 0.412, "FG3M": 37, "FG3A": 90, "FG3_PCT": 0.411, "FTM": 45, "FTA": 60, "FT_PCT": 0.75, "OREB": 20, "DREB": 95, "REB": 115, "AST": 18, "TOV": 21, "STL": 14, "BLK": 15, "BLKA": 7, "PF": 67, "PFD": 58, "PTS": 222, "PLUS_MINUS": -37, "DD2": 0, "TD3": 0}, "PerGame": {"MIN": 14.7, "FGM": 1.8, "FGA": 4.5, "FG_PCT": 0.412, "FG3M": 1.0, "FG3A": 2.4, "FG3_PCT": 0.411, "FTM": 1.2, "FTA": 1.6, "FT_PCT": 0.75, "OREB": 0.5, "DREB": 2.5, "REB": 3.0, "AST": 0.5, "TOV": 0.6, "STL": 0.4, "BLK": 0.4, "BLKA": 0.2, "PF": 1.8, "PFD": 1.5, "PTS": 5.8, "PLUS_MINUS": -1.0, "DD2": 0, "TD3": 0}, "Per100Possessions": {"MIN": 47.1, "FGM": 5.9, "FGA": 14.4, "FG_PCT": 0.412, "FG3M": 3.1, "FG3A": 7.6, "FG3_PCT": 0.411, "FTM": 3.8, "FTA": 5.1, "FT_PCT": 0.75, "OREB": 1.7, "DREB": 8.0, "REB": 9.7, "AST": 1.5, "TOV": 1.8, "STL": 1.2, "BLK": 1.3, "BLKA": 0.6, "PF": 5.7, "PFD": 4.9, "PTS": 18.8, "PLUS_MINUS": -3.1, "DD2": 0, "TD3": 0}, "Per36": {"MIN": 557.7966666666666, "FGM": 4.5, "FGA": 11.0, "FG_PCT": 0.412, "FG3M": 2.4, "FG3A": 5.8, "FG3_PCT": 0.411, "FTM": 2.9, "FTA": 3.9, "FT_PCT": 0.75, "OREB": 1.3, "DREB": 6.1, "REB": 7.4, "AST": 1.2, "TOV": 1.4, "STL": 0.9, "BLK": 1.0, "BLKA": 0.5, "PF": 4.3, "PFD": 3.7, "PTS": 14.3, "PLUS_MINUS": -2.4, "DD2": 0, "TD3": 0}, "Transition": {"Poss": 20, "FREQ": 10.204099655151, "PPP": 0.85000002384186, "PTS": 17, "FGM": 6, "FGA": 14, "FG%": 42.857142857143, "EFG%": 42.857142857143, "FT FREQ": 20, "TO FREQ": 20, "SF FREQ": 15, "AND ONE FREQ": 10, "SCORE FREQ": 40, "Percentile": 13.615023474178404}, "Isolation": {"Poss": 1, "FREQ": 0.51020401716232, "PPP": 0, "PTS": 0, "FGM": 0, "FGA": 1, "FG%": 0, "EFG%": 0, "FT FREQ": 0, "TO FREQ": 0, "SF FREQ": 0, "AND ONE FREQ": 0, "SCORE FREQ": 0, "Percentile": null}, "PRBallHandler": {"Poss": 1, "FREQ": 0.51020401716232, "PPP": 0, "PTS": 0, "FGM": 0, "FGA": 1, "FG%": 0, "EFG%": 0, "FT FREQ": 0, "TO FREQ": 0, "SF FREQ": 0, "AND ONE FREQ": 0, "SCORE FREQ": 0, "Percentile": null}, "PRRollman": {"Poss": 55, "FREQ": 28.061199188232, "PPP": 1.5090899467468, "PTS": 83, "FGM": 24, "FGA": 41, "FG%": 58.536585365854, "EFG%": 79.268292682927, "FT FREQ": 20, "TO FREQ": 7.2727272727273, "SF FREQ": 20, "AND ONE FREQ": 1.8181818181818, "SCORE FREQ": 61.818181818182, "Percentile": 98.62385321100918}, "Postup": {"Poss": 9, "FREQ": 4.5918397903442, "PPP": 1.1111099720001, "PTS": 10, "FGM": 3, "FGA": 7, "FG%": 42.857142857143, "EFG%": 42.857142857143, "FT FREQ": 33.333333333333, "TO FREQ": 0, "SF FREQ": 33.333333333333, "AND ONE FREQ": 11.111111111111, "SCORE FREQ": 55.555555555556, "Percentile": null}, "Spotup": {"Poss": 64, "FREQ": 32.653099060059, "PPP": 0.953125, "PTS": 61, "FGM": 21, "FGA": 58, "FG%": 36.206896551724, "EFG%": 47.413793103448, "FT FREQ": 9.375, "TO FREQ": 3.125, "SF FREQ": 6.25, "AND ONE FREQ": 3.125, "SCORE FREQ": 39.0625, "Percentile": 49.54128440366973}, "Handoff": {"Poss": 6, "FREQ": 3.0612199306488, "PPP": 2, "PTS": 12, "FGM": 4, "FGA": 6, "FG%": 66.666666666667, "EFG%": 100, "FT FREQ": 0, "TO FREQ": 0, "SF FREQ": 0, "AND ONE FREQ": 0, "SCORE FREQ": 66.666666666667, "Percentile": null}, "Cut": {"Poss": 9, "FREQ": 4.5918397903442, "PPP": 1, "PTS": 9, "FGM": 4, "FGA": 8, "FG%": 50, "EFG%": 50, "FT FREQ": 11.111111111111, "TO FREQ": 0, "SF FREQ": 11.111111111111, "AND ONE FREQ": 0, "SCORE FREQ": 55.555555555556, "Percentile": null}, "OffScreen": {"Poss": 3, "FREQ": 1.5306099653244, "PPP": 1, "PTS": 3, "FGM": 1, "FGA": 3, "FG%": 33.333333333333, "EFG%": 50, "FT FREQ": 0, "TO FREQ": 0, "SF FREQ": 0, "AND ONE FREQ": 0, "SCORE FREQ": 33.333333333333, "Percentile": null}, "OffRebound": {"Poss": 14, "FREQ": 7.1428599357605, "PPP": 0.57142901420593, "PTS": 8, "FGM": 1, "FGA": 10, "FG%": 10, "EFG%": 10, "FT FREQ": 28.571428571429, "TO FREQ": 0, "SF FREQ": 28.571428571429, "AND ONE FREQ": 0, "SCORE FREQ": 35.714285714286, "Percentile": 3.4482758620689653}, "Misc": {"Poss": 1, "FREQ": 3.125, "PPP": 0, "PTS": 0, "FGM": 0, "FGA": 0, "FG%": 0, "EFG%": 0, "FT FREQ": 0, "TO FREQ": 100, "SF FREQ": 0, "AND ONE FREQ": 0, "SCORE FREQ": 0, "Percentile": null}, "Shooting": {"GROUP_SET": "Shot Distance (5ft)", "GROUP_VALUE": "Less Than 5 ft.", "FGM": 25, "FGA": 52, "FG_PCT": 0.481, "FG3M": 0, "FG3A": 0, "FG3_PCT": 0.0, "EFG_PCT": 0.481, "BLKA": 5, "PCT_AST_2PM": 0.8, "PCT_UAST_2PM": 0.2, "PCT_AST_3PM": 0.0, "PCT_UAST_3PM": 0.0, "PCT_AST_FGM": 0.8, "PCT_UAST_FGM": 0.2, "TS_PCT": 0.5651731160896131, "3PAr": 0.5294117647058824, "FTr": 0.35294117647058826, "2PT_PCT": 0.4125}, "Advanced": {"mp": "558", "per": "11.8", "ts_pct": ".565", "fg3a_per_fga_pct": ".529", "fta_per_fga_pct": ".353", "orb_pct": "3.9", "drb_pct": "18.0", "trb_pct": "11.0", "ast_pct": "4.9", "stl_pct": "1.2", "blk_pct": "2.0", "tov_pct": "9.7", "usg_pct": "16.8", "ows": "0.5", "dws": "0.5", "ws": "0.9", "ws_per_48": ".082", "obpm": "-1.8", "dbpm": "-1.2", "bpm": "-3.0", "vorp": "-0.1"}}