{"BasicInfo": {"PLAYER_ID": 203500, "PLAYER_NAME": "Steven Adams", "TEAM_ID": 1610612760, "TEAM_ABBREVIATION": "OKC", "AGE": 23.0, "GP": 80, "W": 47, "L": 33, "W_PCT": 0.588}, "Totals": {"MIN": 2389.4, "FGM": 374, "FGA": 655, "FG_PCT": 0.571, "FG3M": 0, "FG3A": 1, "FG3_PCT": 0.0, "FTM": 157, "FTA": 257, "FT_PCT": 0.611, "OREB": 281, "DREB": 332, "REB": 613, "AST": 86, "TOV": 146, "STL": 89, "BLK": 78, "BLKA": 44, "PF": 195, "PFD": 266, "PTS": 905, "PLUS_MINUS": 195, "DD2": 16, "TD3": 0}, "PerGame": {"MIN": 29.9, "FGM": 4.7, "FGA": 8.2, "FG_PCT": 0.571, "FG3M": 0.0, "FG3A": 0.0, "FG3_PCT": 0.0, "FTM": 2.0, "FTA": 3.2, "FT_PCT": 0.611, "OREB": 3.5, "DREB": 4.2, "REB": 7.7, "AST": 1.1, "TOV": 1.8, "STL": 1.1, "BLK": 1.0, "BLKA": 0.6, "PF": 2.4, "PFD": 3.3, "PTS": 11.3, "PLUS_MINUS": 2.4, "DD2": 16, "TD3": 0}, "Per100Possessions": {"MIN": 47.2, "FGM": 7.4, "FGA": 12.9, "FG_PCT": 0.571, "FG3M": 0.0, "FG3A": 0.0, "FG3_PCT": 0.0, "FTM": 3.1, "FTA": 5.1, "FT_PCT": 0.611, "OREB": 5.6, "DREB": 6.6, "REB": 12.1, "AST": 1.7, "TOV": 2.9, "STL": 1.8, "BLK": 1.5, "BLKA": 0.9, "PF": 3.9, "PFD": 5.3, "PTS": 17.9, "PLUS_MINUS": 3.9, "DD2": 16, "TD3": 0}, "Per36": {"MIN": 2389.4, "FGM": 5.6, "FGA": 9.9, "FG_PCT": 0.571, "FG3M": 0.0, "FG3A": 0.0, "FG3_PCT": 0.0, "FTM": 2.4, "FTA": 3.9, "FT_PCT": 0.611, "OREB": 4.2, "DREB": 5.0, "REB": 9.2, "AST": 1.3, "TOV": 2.2, "STL": 1.3, "BLK": 1.2, "BLKA": 0.7, "PF": 2.9, "PFD": 4.0, "PTS": 13.6, "PLUS_MINUS": 2.9, "DD2": 16, "TD3": 0}, "Transition": {"Poss": 75, "FREQ": 8.1699304580688, "PPP": 1.5599999427795, "PTS": 117, "FGM": 53, "FGA": 63, "FG%": 84.126984126984, "EFG%": 84.126984126984, "FT FREQ": 17.333333333333, "TO FREQ": 4, "SF FREQ": 16, "AND ONE FREQ": 5.3333333333333, "SCORE FREQ": 81.333333333333, "Percentile": 98.59154929577466}, "PRRollman": {"Poss": 220, "FREQ": 23.965099334717, "PPP": 1.0863599777222, "PTS": 239, "FGM": 98, "FGA": 168, "FG%": 58.333333333333, "EFG%": 58.333333333333, "FT FREQ": 16.363636363636, "TO FREQ": 10.454545454545, "SF FREQ": 16.363636363636, "AND ONE FREQ": 3.1818181818182, "SCORE FREQ": 54.545454545455, "Percentile": 64.22018348623854}, "Postup": {"Poss": 213, "FREQ": 23.202600479126, "PPP": 0.83098602294922, "PTS": 177, "FGM": 77, "FGA": 160, "FG%": 48.125, "EFG%": 48.125, "FT FREQ": 9.8591549295775, "TO FREQ": 17.370892018779, "SF FREQ": 9.3896713615023, "AND ONE FREQ": 2.3474178403756, "SCORE FREQ": 42.723004694836, "Percentile": 35.78947368421053}, "Cut": {"Poss": 164, "FREQ": 17.864900588989, "PPP": 1.1524399518967, "PTS": 189, "FGM": 80, "FGA": 134, "FG%": 59.701492537313, "EFG%": 59.701492537313, "FT FREQ": 14.634146341463, "TO FREQ": 7.3170731707317, "SF FREQ": 14.634146341463, "AND ONE FREQ": 3.6585365853659, "SCORE FREQ": 57.926829268293, "Percentile": 35.14285714285714}, "OffScreen": {"Poss": 1, "FREQ": 0.10893200337887, "PPP": 0, "PTS": 0, "FGM": 0, "FGA": 0, "FG%": 0, "EFG%": 0, "FT FREQ": 0, "TO FREQ": 100, "SF FREQ": 0, "AND ONE FREQ": 0, "SCORE FREQ": 0, "Percentile": null}, "OffRebound": {"Poss": 162, "FREQ": 17.647100448608, "PPP": 0.93827199935913, "PTS": 152, "FGM": 64, "FGA": 122, "FG%": 52.459016393443, "EFG%": 52.459016393443, "FT FREQ": 15.432098765432, "TO FREQ": 10.493827160494, "SF FREQ": 13.58024691358, "AND ONE FREQ": 1.8518518518519, "SCORE FREQ": 48.765432098765, "Percentile": 26.804123711340207}, "Misc": {"Poss": 83, "FREQ": 9.0413904190063, "PPP": 0.36144599318504, "PTS": 30, "FGM": 2, "FGA": 7, "FG%": 28.571428571429, "EFG%": 28.571428571429, "FT FREQ": 28.915662650602, "TO FREQ": 65.060240963855, "SF FREQ": 3.6144578313253, "AND ONE FREQ": 2.4096385542169, "SCORE FREQ": 22.89156626506, "Percentile": 28.57142857142857}, "Shooting": {"GROUP_SET": "Shot Distance (5ft)", "GROUP_VALUE": "Less Than 5 ft.", "FGM": 281, "FGA": 445, "FG_PCT": 0.631, "FG3M": 0, "FG3A": 0, "FG3_PCT": 0.0, "EFG_PCT": 0.631, "BLKA": 39, "PCT_AST_2PM": 0.676, "PCT_UAST_2PM": 0.324, "PCT_AST_3PM": 0.0, "PCT_UAST_3PM": 0.0, "PCT_AST_FGM": 0.676, "PCT_UAST_FGM": 0.324, "TS_PCT": 0.5891313404853661, "3PAr": 0.0015267175572519084, "FTr": 0.39236641221374047, "2PT_PCT": 0.5718654434250765}, "Advanced": {"mp": "2389", "per": "16.5", "ts_pct": ".589", "fg3a_per_fga_pct": ".002", "fta_per_fga_pct": ".392", "orb_pct": "13.0", "drb_pct": "15.4", "trb_pct": "14.2", "ast_pct": "5.4", "stl_pct": "1.8", "blk_pct": "2.6", "tov_pct": "16.0", "usg_pct": "16.2", "ows": "3.3", "dws": "3.1", "ws": "6.5", "ws_per_48": ".130", "obpm": "-0.7", "dbpm": "1.2", "bpm": "0.6", "vorp": "1.5"}}